year,state,pct_2p_vote,term2,real_gdp_pct_growth,net_approval,previous_winner_incumbent
1980,ALABAMA,49.323661692960535,1,-0.3,-18,1
1980,ALASKA,32.70081435515888,1,-0.3,-18,0
1980,ARIZONA,31.78791316766491,1,-0.3,-18,0
1980,ARKANSAS,49.68029405707653,1,-0.3,-18,1
1980,CALIFORNIA,40.53337544079053,1,-0.3,-18,0
1980,COLORADO,36.06965978713541,1,-0.3,-18,0
1980,CONNECTICUT,44.44280367728735,1,-0.3,-18,0
1980,DELAWARE,48.73321474982259,1,-0.3,-18,1
1980,DISTRICT OF COLUMBIA,84.81673005783358,1,-0.3,-18,1
1980,FLORIDA,40.94923705280309,1,-0.3,-18,1
1980,GEORGIA,57.66239969245167,1,-0.3,-18,1
1980,HAWAII,51.084059235086904,1,-0.3,-18,1
1980,IDAHO,27.48677321266878,1,-0.3,-18,0
1980,ILLINOIS,45.660337617889034,1,-0.3,-18,0
1980,INDIANA,40.20267132985023,1,-0.3,-18,0
1980,IOWA,42.93684972879164,1,-0.3,-18,0
1980,KANSAS,36.52451056147966,1,-0.3,-18,0
1980,KENTUCKY,49.28725439873041,1,-0.3,-18,1
1980,LOUISIANA,47.18911401140074,1,-0.3,-18,1
1980,MAINE,48.090516565976635,1,-0.3,-18,0
1980,MARYLAND,51.6191380662185,1,-0.3,-18,1
1980,MASSACHUSETTS,49.90932698314368,1,-0.3,-18,1
1980,MICHIGAN,46.45358910320159,1,-0.3,-18,0
1980,MINNESOTA,52.2136145571868,1,-0.3,-18,1
1980,MISSISSIPPI,49.321667796454385,1,-0.3,-18,1
1980,MISSOURI,46.43458565855658,1,-0.3,-18,1
1980,MONTANA,36.33475554570473,1,-0.3,-18,0
1980,NEBRASKA,28.41755487178086,1,-0.3,-18,0
1980,NEVADA,30.07267133699923,1,-0.3,-18,0
1980,NEW HAMPSHIRE,32.93230762715197,1,-0.3,-18,0
1980,NEW JERSEY,42.59085548536873,1,-0.3,-18,0
1980,NEW MEXICO,40.09173325688895,1,-0.3,-18,0
1980,NEW YORK,50.844863803541955,1,-0.3,-18,1
1980,NORTH CAROLINA,48.90031737025543,1,-0.3,-18,1
1980,NORTH DAKOTA,29.01929024787089,1,-0.3,-18,0
1980,OHIO,44.26451498992538,1,-0.3,-18,1
1980,OKLAHOMA,36.6278667196309,1,-0.3,-18,0
1980,OREGON,44.44740615642638,1,-0.3,-18,0
1980,PENNSYLVANIA,46.13836413288337,1,-0.3,-18,1
1980,RHODE ISLAND,56.166055474535234,1,-0.3,-18,1
1980,SOUTH CAROLINA,49.36270672982155,1,-0.3,-18,1
1980,SOUTH DAKOTA,34.36654114190034,1,-0.3,-18,0
1980,TENNESSEE,49.850077539514594,1,-0.3,-18,1
1980,TEXAS,42.832659206184545,1,-0.3,-18,1
1980,UTAH,22.034814957984086,1,-0.3,-18,0
1980,VERMONT,46.410692037603354,1,-0.3,-18,0
1980,VIRGINIA,43.184139470875536,1,-0.3,-18,0
1980,WASHINGTON,42.904653905111196,1,-0.3,-18,0
1980,WEST VIRGINIA,52.36978172012975,1,-0.3,-18,1
1980,WISCONSIN,47.40969142143971,1,-0.3,-18,1
1980,WYOMING,30.86737402187014,1,-0.3,-18,0
1984,ALABAMA,61.263395351318266,1,7.2,25,1
1984,ALASKA,69.05591264771638,1,7.2,25,1
1984,ARIZONA,67.116727570006,1,7.2,25,1
1984,ARKANSAS,61.22758810194408,1,7.2,25,1
1984,CALIFORNIA,58.22453482219767,1,7.2,25,1
1984,COLORADO,64.3657698356506,1,7.2,25,1
1984,CONNECTICUT,60.999168763018034,1,7.2,25,1
1984,DELAWARE,59.95367269919557,1,7.2,25,1
1984,DISTRICT OF COLUMBIA,13.852266052899239,1,7.2,25,0
1984,FLORIDA,65.33241321354548,1,7.2,25,1
1984,GEORGIA,60.197820148139805,1,7.2,25,0
1984,HAWAII,55.703724217649395,1,7.2,25,0
1984,IDAHO,73.27557119741499,1,7.2,25,1
1984,ILLINOIS,56.47325330722075,1,7.2,25,1
1984,INDIANA,62.073429121683716,1,7.2,25,1
1984,IOWA,53.72382533002014,1,7.2,25,1
1984,KANSAS,67.02947711156966,1,7.2,25,1
1984,KENTUCKY,60.364182389451976,1,7.2,25,1
1984,LOUISIANA,61.41916116254215,1,7.2,25,1
1984,MAINE,61.06911790060162,1,7.2,25,1
1984,MARYLAND,52.75752719214463,1,7.2,25,0
1984,MASSACHUSETTS,51.39833023725937,1,7.2,25,1
1984,MICHIGAN,59.54632499816857,1,7.2,25,1
1984,MINNESOTA,49.90910923180505,1,7.2,25,0
1984,MISSISSIPPI,62.31503505894161,1,7.2,25,1
1984,MISSOURI,60.024750667877036,1,7.2,25,1
1984,MONTANA,61.301398763687,1,7.2,25,1
1984,NEBRASKA,71.004753673293,1,7.2,25,1
1984,NEVADA,67.31568155478291,1,7.2,25,1
1984,NEW HAMPSHIRE,68.93445225440568,1,7.2,25,1
1984,NEW JERSEY,60.52139108149635,1,7.2,25,1
1984,NEW MEXICO,60.3495981291882,1,7.2,25,1
1984,NEW YORK,52.9417178702889,1,7.2,25,0
1984,NORTH CAROLINA,62.02786294988686,1,7.2,25,1
1984,NORTH DAKOTA,65.73458238314767,1,7.2,25,1
1984,OHIO,59.47068371906832,1,7.2,25,1
1984,OKLAHOMA,69.10982584769896,1,7.2,25,1
1984,OREGON,56.10471133933736,1,7.2,25,1
1984,PENNSYLVANIA,53.70073147712165,1,7.2,25,1
1984,RHODE ISLAND,51.829730244925294,1,7.2,25,0
1984,SOUTH CAROLINA,64.11877941412378,1,7.2,25,1
1984,SOUTH DAKOTA,63.29951324356786,1,7.2,25,1
1984,TENNESSEE,58.18184809445299,1,7.2,25,1
1984,TEXAS,63.78630517301342,1,7.2,25,1
1984,UTAH,75.12002100968175,1,7.2,25,1
1984,VERMONT,58.664910727779095,1,7.2,25,1
1984,VIRGINIA,62.67568793921985,1,7.2,25,1
1984,WASHINGTON,56.84635101636629,1,7.2,25,1
1984,WEST VIRGINIA,55.27243432459842,1,7.2,25,0
1984,WISCONSIN,54.622015709621735,1,7.2,25,1
1984,WYOMING,71.4003997620719,1,7.2,25,1
1988,ALABAMA,59.745568398088906,0,4.2,13,1
1988,ALASKA,62.16331743425339,0,4.2,13,1
1988,ARIZONA,60.7434915309925,0,4.2,13,1
1988,ARKANSAS,57.19164271311511,0,4.2,13,1
1988,CALIFORNIA,51.80731053637589,0,4.2,13,1
1988,COLORADO,53.95382438149715,0,4.2,13,1
1988,CONNECTICUT,52.58115045643299,0,4.2,13,1
1988,DELAWARE,56.24118959586928,0,4.2,13,1
1988,DISTRICT OF COLUMBIA,14.754247394343224,0,4.2,13,0
1988,FLORIDA,61.252071645851586,0,4.2,13,1
1988,GEORGIA,60.203616344760356,0,4.2,13,1
1988,HAWAII,45.19372401984108,0,4.2,13,1
1988,IDAHO,63.28782285063305,0,4.2,13,1
1988,ILLINOIS,51.04927699635886,0,4.2,13,1
1988,INDIANA,60.12599112493201,0,4.2,13,1
1988,IOWA,44.85151885991749,0,4.2,13,1
1988,KANSAS,56.72750170218648,0,4.2,13,1
1988,KENTUCKY,55.85376781178854,0,4.2,13,1
1988,LOUISIANA,55.19129232394973,0,4.2,13,1
1988,MAINE,55.771018703468314,0,4.2,13,1
1988,MARYLAND,51.46443023111701,0,4.2,13,1
1988,MASSACHUSETTS,46.01741106681304,0,4.2,13,1
1988,MICHIGAN,53.97804996005514,0,4.2,13,1
1988,MINNESOTA,46.44914007475596,0,4.2,13,0
1988,MISSISSIPPI,60.521082955182784,0,4.2,13,1
1988,MISSOURI,51.99691168097722,0,4.2,13,1
1988,MONTANA,52.98818972138429,0,4.2,13,1
1988,NEBRASKA,60.5540854941714,0,4.2,13,1
1988,NEVADA,60.81858916458566,0,4.2,13,1
1988,NEW HAMPSHIRE,63.23363272713388,0,4.2,13,1
1988,NEW JERSEY,56.901157613535176,0,4.2,13,1
1988,NEW MEXICO,52.509915740485354,0,4.2,13,1
1988,NEW YORK,46.57794736081206,0,4.2,13,1
1988,NORTH CAROLINA,58.15753786855001,0,4.2,13,1
1988,NORTH DAKOTA,56.59535572786767,0,4.2,13,1
1988,OHIO,55.474064650250746,0,4.2,13,1
1988,OKLAHOMA,58.38981227244167,0,4.2,13,1
1988,OREGON,47.616319202402046,0,4.2,13,1
1988,PENNSYLVANIA,51.16954699533774,0,4.2,13,1
1988,RHODE ISLAND,44.12212944668937,0,4.2,13,1
1988,SOUTH CAROLINA,62.072145564418314,0,4.2,13,1
1988,SOUTH DAKOTA,53.1923788085859,0,4.2,13,1
1988,TENNESSEE,58.218640501970775,0,4.2,13,1
1988,TEXAS,56.34633293113727,0,4.2,13,1
1988,UTAH,67.38787483190072,0,4.2,13,1
1988,VERMONT,51.781713076724444,0,4.2,13,1
1988,VIRGINIA,60.35894605758241,0,4.2,13,1
1988,WASHINGTON,49.19228824541418,0,4.2,13,1
1988,WEST VIRGINIA,47.623106802379425,0,4.2,13,1
1988,WISCONSIN,48.17653370543896,0,4.2,13,1
1988,WYOMING,61.424876422577306,0,4.2,13,1
1992,ALABAMA,53.821126459902985,0,3.5,-22,1
1992,ALASKA,56.57426203867017,0,3.5,-22,1
1992,ARIZONA,51.30190398301194,0,3.5,-22,1
1992,ARKANSAS,40.007732933877485,0,3.5,-22,1
1992,CALIFORNIA,41.48327123062092,0,3.5,-22,1
1992,COLORADO,47.19793447717502,0,3.5,-22,1
1992,CONNECTICUT,45.87488329257332,0,3.5,-22,1
1992,DELAWARE,44.80200729527471,0,3.5,-22,1
1992,DISTRICT OF COLUMBIA,9.702930380607265,0,3.5,-22,0
1992,FLORIDA,51.196841089580985,0,3.5,-22,1
1992,GEORGIA,49.657871548903366,0,3.5,-22,1
1992,HAWAII,43.280022269178694,0,3.5,-22,0
1992,IDAHO,59.66148302115658,0,3.5,-22,1
1992,ILLINOIS,41.411781787753206,0,3.5,-22,1
1992,INDIANA,53.83489453393877,0,3.5,-22,1
1992,IOWA,46.26747088643786,0,3.5,-22,0
1992,KANSAS,53.54105558761758,0,3.5,-22,1
1992,KENTUCKY,48.13122230523395,0,3.5,-22,1
1992,LOUISIANA,47.33486213958436,0,3.5,-22,1
1992,MAINE,43.94412713545169,0,3.5,-22,1
1992,MARYLAND,41.700099960782346,0,3.5,-22,1
1992,MASSACHUSETTS,37.90777132879843,0,3.5,-22,0
1992,MICHIGAN,45.38484035302888,0,3.5,-22,1
1992,MINNESOTA,42.278659775513646,0,3.5,-22,0
1992,MISSISSIPPI,54.928489467384196,0,3.5,-22,1
1992,MISSOURI,43.49303389968644,0,3.5,-22,1
1992,MONTANA,48.2759428751247,0,3.5,-22,1
1992,NEBRASKA,61.311730432331565,0,3.5,-22,1
1992,NEVADA,48.175222480382274,0,3.5,-22,1
1992,NEW HAMPSHIRE,49.2034486445505,0,3.5,-22,1
1992,NEW JERSEY,48.579681647906554,0,3.5,-22,1
1992,NEW MEXICO,44.85784323024359,0,3.5,-22,1
1992,NEW YORK,37.88917459577507,0,3.5,-22,0
1992,NORTH CAROLINA,50.458464279186714,0,3.5,-22,1
1992,NORTH DAKOTA,57.87470477290877,0,3.5,-22,1
1992,OHIO,48.831836653045485,0,3.5,-22,1
1992,OKLAHOMA,55.62211830261868,0,3.5,-22,1
1992,OREGON,43.36610848340718,0,3.5,-22,0
1992,PENNSYLVANIA,44.451470538984694,0,3.5,-22,1
1992,RHODE ISLAND,38.15627718179182,0,3.5,-22,0
1992,SOUTH CAROLINA,52.35684542724028,0,3.5,-22,1
1992,SOUTH DAKOTA,52.26103376833865,0,3.5,-22,1
1992,TENNESSEE,47.40196335292404,0,3.5,-22,1
1992,TEXAS,52.2421631658855,0,3.5,-22,1
1992,UTAH,63.75357911398033,0,3.5,-22,1
1992,VERMONT,39.745798641493096,0,3.5,-22,1
1992,VIRGINIA,52.55501293414344,0,3.5,-22,1
1992,WASHINGTON,42.40829892748878,0,3.5,-22,0
1992,WEST VIRGINIA,42.23116191805925,0,3.5,-22,0
1992,WISCONSIN,47.20549149788455,0,3.5,-22,0
1992,WYOMING,53.79202342939657,0,3.5,-22,1
1996,ALABAMA,46.266128846311055,1,3.8,18,0
1996,ALASKA,39.57149749416618,1,3.8,18,0
1996,ARIZONA,51.22377115185426,1,3.8,18,0
1996,ARKANSAS,59.35282486475548,1,3.8,18,1
1996,CALIFORNIA,57.21626523096894,1,3.8,18,1
1996,COLORADO,49.240792369772564,1,3.8,18,1
1996,CONNECTICUT,60.36350688231274,1,3.8,18,1
1996,DELAWARE,58.623656632569954,1,3.8,18,1
1996,DISTRICT OF COLUMBIA,90.12354820886425,1,3.8,18,1
1996,FLORIDA,53.1549611951064,1,3.8,18,0
1996,GEORGIA,49.36773080144583,1,3.8,18,1
1996,HAWAII,64.27615180824881,1,3.8,18,1
1996,IDAHO,39.20097242428407,1,3.8,18,0
1996,ILLINOIS,59.60509218545777,1,3.8,18,1
1996,INDIANA,46.85159364495435,1,3.8,18,0
1996,IOWA,55.733388923732726,1,3.8,18,1
1996,KANSAS,39.92763445201585,1,3.8,18,0
1996,KENTUCKY,50.52905118434285,1,3.8,18,1
1996,LOUISIANA,56.56083827159215,1,3.8,18,1
1996,MAINE,62.662120416855316,1,3.8,18,1
1996,MARYLAND,58.63842348627239,1,3.8,18,1
1996,MASSACHUSETTS,68.63782540541509,1,3.8,18,1
1996,MICHIGAN,57.324413366696774,1,3.8,18,1
1996,MINNESOTA,59.38068927137576,1,3.8,18,1
1996,MISSISSIPPI,47.252776245412896,1,3.8,18,0
1996,MISSOURI,53.54703747642815,1,3.8,18,1
1996,MONTANA,48.312589549275835,1,3.8,18,1
1996,NEBRASKA,39.44517749921697,1,3.8,18,0
1996,NEVADA,50.58653135524704,1,3.8,18,1
1996,NEW HAMPSHIRE,55.61163171068921,1,3.8,18,1
1996,NEW JERSEY,59.9667932033127,1,3.8,18,1
1996,NEW MEXICO,54.02413056103159,1,3.8,18,1
1996,NEW YORK,67.7320293812358,1,3.8,18,1
1996,NORTH CAROLINA,47.47001333026536,1,3.8,18,0
1996,NORTH DAKOTA,46.08868099415835,1,3.8,18,0
1996,OHIO,53.59694918172054,1,3.8,18,1
1996,OKLAHOMA,45.59939089329422,1,3.8,18,0
1996,OREGON,54.69311571965822,1,3.8,18,1
1996,PENNSYLVANIA,55.16120536083255,1,3.8,18,1
1996,RHODE ISLAND,69.00421338749841,1,3.8,18,1
1996,SOUTH CAROLINA,46.888024078014546,1,3.8,18,0
1996,SOUTH DAKOTA,48.06641460486553,1,3.8,18,0
1996,TENNESSEE,51.286642341860556,1,3.8,18,1
1996,TEXAS,47.33937661787773,1,3.8,18,0
1996,UTAH,37.980512180743865,1,3.8,18,0
1996,VERMONT,63.18283038406202,1,3.8,18,1
1996,VIRGINIA,48.939405492933105,1,3.8,18,0
1996,WASHINGTON,57.19465284478128,1,3.8,18,1
1996,WEST VIRGINIA,58.35466517610786,1,3.8,18,1
1996,WISCONSIN,55.91919666145018,1,3.8,18,1
1996,WYOMING,42.51208256510402,1,3.8,18,0
2000,ALABAMA,42.39305807866891,0,4.1,19,0
2000,ALASKA,32.06305143627081,0,4.1,19,0
2000,ARIZONA,46.71740083286014,0,4.1,19,1
2000,ARKANSAS,47.19931048957919,0,4.1,19,1
2000,CALIFORNIA,56.20298999907179,0,4.1,19,1
2000,COLORADO,45.51408005672097,0,4.1,19,0
2000,CONNECTICUT,59.25565804885452,0,4.1,19,1
2000,DELAWARE,56.740064785288446,0,4.1,19,1
2000,DISTRICT OF COLUMBIA,90.48769447777848,0,4.1,19,1
2000,FLORIDA,49.99539059196645,0,4.1,19,1
2000,GEORGIA,44.01624637709734,0,4.1,19,0
2000,HAWAII,59.82729628042934,0,4.1,19,1
2000,IDAHO,29.151509544255994,0,4.1,19,0
2000,ILLINOIS,56.18001031583959,0,4.1,19,1
2000,INDIANA,41.995217467418065,0,4.1,19,0
2000,IOWA,50.16277918751817,0,4.1,19,1
2000,KANSAS,39.083092536471916,0,4.1,19,0
2000,KENTUCKY,42.272384734323424,0,4.1,19,1
2000,LOUISIANA,46.06075403365277,0,4.1,19,1
2000,MAINE,52.74784154100042,0,4.1,19,1
2000,MARYLAND,58.432298942454295,0,4.1,19,1
2000,MASSACHUSETTS,64.78934376063381,0,4.1,19,1
2000,MICHIGAN,52.634606481734096,0,4.1,19,1
2000,MINNESOTA,51.28641197581132,0,4.1,19,1
2000,MISSISSIPPI,41.39451516075371,0,4.1,19,0
2000,MISSOURI,48.288051343249336,0,4.1,19,1
2000,MONTANA,36.34363802133028,0,4.1,19,0
2000,NEBRASKA,34.82051913791498,0,4.1,19,0
2000,NEVADA,48.14316150032757,0,4.1,19,1
2000,NEW HAMPSHIRE,49.33219980478119,0,4.1,19,1
2000,NEW JERSEY,58.211409416720926,0,4.1,19,1
2000,NEW MEXICO,50.03192602930914,0,4.1,19,1
2000,NEW YORK,63.57599158301068,0,4.1,19,1
2000,NORTH CAROLINA,43.53600301849695,0,4.1,19,0
2000,NORTH DAKOTA,35.272603429383715,0,4.1,19,0
2000,OHIO,48.16127777933392,0,4.1,19,1
2000,OKLAHOMA,38.919328777881084,0,4.1,19,0
2000,OREGON,50.235891985530564,0,4.1,19,1
2000,PENNSYLVANIA,52.14847871680315,0,4.1,19,1
2000,RHODE ISLAND,65.64911606759932,0,4.1,19,1
2000,SOUTH CAROLINA,41.837893932349736,0,4.1,19,0
2000,SOUTH DAKOTA,38.38528742762614,0,4.1,19,0
2000,TENNESSEE,48.03713321482099,0,4.1,19,1
2000,TEXAS,39.04372985143706,0,4.1,19,0
2000,UTAH,28.27449456867586,0,4.1,19,0
2000,VERMONT,55.4403508967734,0,4.1,19,1
2000,VIRGINIA,45.85276369416675,0,4.1,19,0
2000,WASHINGTON,52.94477100940541,0,4.1,19,1
2000,WEST VIRGINIA,46.75792598406259,0,4.1,19,1
2000,WISCONSIN,50.115068303157805,0,4.1,19,1
2000,WYOMING,29.01769435968296,0,4.1,19,0
2004,ALABAMA,62.89777135228225,1,3.8,1,1
2004,ALASKA,63.226282981246314,1,3.8,1,1
2004,ARIZONA,55.27500503048826,1,3.8,1,1
2004,ARKANSAS,54.93574825166778,1,3.8,1,1
2004,CALIFORNIA,44.958679547177546,1,3.8,1,0
2004,COLORADO,52.36622955824263,1,3.8,1,1
2004,CONNECTICUT,44.725052439415876,1,3.8,1,0
2004,DELAWARE,46.1684937549084,1,3.8,1,0
2004,DISTRICT OF COLUMBIA,9.479721352563931,1,3.8,1,0
2004,FLORIDA,52.52367957566879,1,3.8,1,1
2004,GEORGIA,58.354232696409554,1,3.8,1,1
2004,HAWAII,45.59555199706973,1,3.8,1,0
2004,IDAHO,69.32273818336431,1,3.8,1,1
2004,ILLINOIS,44.79136595044655,1,3.8,1,0
2004,INDIANA,60.42347624965846,1,3.8,1,1
2004,IOWA,50.33667926271291,1,3.8,1,0
2004,KANSAS,62.867098781082234,1,3.8,1,1
2004,KENTUCKY,60.007619915473924,1,3.8,1,1
2004,LOUISIANA,57.330941269243496,1,3.8,1,1
2004,MAINE,45.41698358969139,1,3.8,1,0
2004,MARYLAND,43.43428691808208,1,3.8,1,0
2004,MASSACHUSETTS,37.25714448700811,1,3.8,1,0
2004,MICHIGAN,48.2741555320348,1,3.8,1,0
2004,MINNESOTA,48.23908938933105,1,3.8,1,0
2004,MISSISSIPPI,59.50500076962136,1,3.8,1,1
2004,MISSOURI,53.61971266543985,1,3.8,1,1
2004,MONTANA,60.50007617566335,1,3.8,1,1
2004,NEBRASKA,66.84733725959471,1,3.8,1,1
2004,NEVADA,51.3175957248615,1,3.8,1,1
2004,NEW HAMPSHIRE,49.309711379862684,1,3.8,1,1
2004,NEW JERSEY,46.629463681157794,1,3.8,1,0
2004,NEW MEXICO,50.40033588635488,1,3.8,1,0
2004,NEW YORK,40.170209343553886,1,3.8,1,0
2004,NORTH CAROLINA,56.24197200184112,1,3.8,1,1
2004,NORTH DAKOTA,63.90935414994329,1,3.8,1,1
2004,OHIO,51.058744004789204,1,3.8,1,1
2004,OKLAHOMA,65.57040166475606,1,3.8,1,1
2004,OREGON,47.89137422554992,1,3.8,1,0
2004,PENNSYLVANIA,48.74171790293761,1,3.8,1,0
2004,RHODE ISLAND,39.42248942412186,1,3.8,1,0
2004,SOUTH CAROLINA,58.636458259749205,1,3.8,1,1
2004,SOUTH DAKOTA,60.91329080109369,1,3.8,1,1
2004,TENNESSEE,57.18544545474073,1,3.8,1,1
2004,TEXAS,61.51019189710992,1,3.8,1,1
2004,UTAH,73.34643916012205,1,3.8,1,1
2004,VERMONT,39.69899786074884,1,3.8,1,0
2004,VIRGINIA,54.13369671353006,1,3.8,1,1
2004,WASHINGTON,46.353462316547045,1,3.8,1,0
2004,WEST VIRGINIA,56.47971062974548,1,3.8,1,1
2004,WISCONSIN,49.80819672573075,1,3.8,1,0
2004,WYOMING,70.3127031731717,1,3.8,1,1
2008,ALABAMA,60.890902753572675,0,0.1,-45,1
2008,ALASKA,61.0647849165971,0,0.1,-45,1
2008,ARIZONA,54.31390071961632,0,0.1,-45,1
2008,ARKANSAS,60.17172061071726,0,0.1,-45,1
2008,CALIFORNIA,37.72155040841459,0,0.1,-45,0
2008,COLORADO,45.44936530682658,0,0.1,-45,1
2008,CONNECTICUT,38.68166175024582,0,0.1,-45,0
2008,DELAWARE,37.36186135011144,0,0.1,-45,0
2008,DISTRICT OF COLUMBIA,6.599231666584336,0,0.1,-45,0
2008,FLORIDA,48.580339969100706,0,0.1,-45,1
2008,GEORGIA,52.62833551081179,0,0.1,-45,1
2008,HAWAII,27.006274121544585,0,0.1,-45,0
2008,IDAHO,63.02458980502055,0,0.1,-45,1
2008,ILLINOIS,37.26573595544064,0,0.1,-45,0
2008,INDIANA,49.47804655462191,0,0.1,-45,1
2008,IOWA,45.15122221053265,0,0.1,-45,1
2008,KANSAS,57.61227581890944,0,0.1,-45,1
2008,KENTUCKY,58.23342758770461,0,0.1,-45,1
2008,LOUISIANA,59.457174161585364,0,0.1,-45,1
2008,MAINE,41.1704750165924,0,0.1,-45,0
2008,MARYLAND,37.06991270711447,0,0.1,-45,0
2008,MASSACHUSETTS,36.80292178664705,0,0.1,-45,0
2008,MICHIGAN,41.62869842384548,0,0.1,-45,0
2008,MINNESOTA,44.77062500460726,0,0.1,-45,0
2008,MISSISSIPPI,56.641930992863834,0,0.1,-45,1
2008,MISSOURI,50.06757914967665,0,0.1,-45,1
2008,MONTANA,51.16940328394073,0,0.1,-45,1
2008,NEBRASKA,57.60907442216564,0,0.1,-45,1
2008,NEVADA,43.6132618748039,0,0.1,-45,1
2008,NEW HAMPSHIRE,45.131458879890495,0,0.1,-45,0
2008,NEW JERSEY,42.13537012857605,0,0.1,-45,0
2008,NEW MEXICO,42.33509998120241,0,0.1,-45,1
2008,NEW YORK,34.23614262021574,0,0.1,-45,0
2008,NORTH CAROLINA,49.83403669993269,0,0.1,-45,1
2008,NORTH DAKOTA,54.40865628196812,0,0.1,-45,1
2008,OHIO,47.66615923774587,0,0.1,-45,1
2008,OKLAHOMA,65.6450811226935,0,0.1,-45,1
2008,OREGON,41.58627882277282,0,0.1,-45,0
2008,PENNSYLVANIA,44.77029618451555,0,0.1,-45,0
2008,RHODE ISLAND,35.80186249085423,0,0.1,-45,0
2008,SOUTH CAROLINA,54.54442918920913,0,0.1,-45,1
2008,SOUTH DAKOTA,54.295707234115376,0,0.1,-45,1
2008,TENNESSEE,57.63147180235446,0,0.1,-45,1
2008,TEXAS,55.93593675094072,0,0.1,-45,1
2008,UTAH,64.52636137274007,0,0.1,-45,1
2008,VERMONT,31.1008182606619,0,0.1,-45,0
2008,VIRGINIA,46.81741559387245,0,0.1,-45,1
2008,WASHINGTON,41.24797319789105,0,0.1,-45,0
2008,WEST VIRGINIA,56.67374376713725,0,0.1,-45,1
2008,WISCONSIN,42.94432175218159,0,0.1,-45,0
2008,WYOMING,66.56202335509592,0,0.1,-45,1
2012,ALABAMA,38.78377146656229,1,2.3,7,0
2012,ALASKA,42.684709518439625,1,2.3,7,0
2012,ARIZONA,45.38661977629681,1,2.3,7,0
2012,ARKANSAS,37.84559464877038,1,2.3,7,0
2012,CALIFORNIA,61.872811163296625,1,2.3,7,1
2012,COLORADO,52.747988314202516,1,2.3,7,1
2012,CONNECTICUT,58.772577476907095,1,2.3,7,1
2012,DELAWARE,59.44695491927816,1,2.3,7,1
2012,DISTRICT OF COLUMBIA,92.58764920211752,1,2.3,7,1
2012,FLORIDA,50.44225213936623,1,2.3,7,1
2012,GEORGIA,46.04335090194328,1,2.3,7,0
2012,HAWAII,71.70384850107442,1,2.3,7,1
2012,IDAHO,33.578613156424666,1,2.3,7,0
2012,ILLINOIS,58.57752339211691,1,2.3,7,1
2012,INDIANA,44.799625402672696,1,2.3,7,1
2012,IOWA,52.959351928100176,1,2.3,7,1
2012,KANSAS,38.886673254746945,1,2.3,7,0
2012,KENTUCKY,38.45722760619509,1,2.3,7,0
2012,LOUISIANA,41.25317438588602,1,2.3,7,0
2012,MAINE,57.85992139357711,1,2.3,7,1
2012,MARYLAND,63.32172578690598,1,2.3,7,1
2012,MASSACHUSETTS,61.785680749060006,1,2.3,7,1
2012,MICHIGAN,54.80053207117788,1,2.3,7,1
2012,MINNESOTA,53.94122646169819,1,2.3,7,1
2012,MISSISSIPPI,44.19810080121222,1,2.3,7,0
2012,MISSOURI,45.22133324662003,1,2.3,7,0
2012,MONTANA,42.96576813611854,1,2.3,7,0
2012,NEBRASKA,38.870609731774636,1,2.3,7,0
2012,NEVADA,53.407542163346534,1,2.3,7,1
2012,NEW HAMPSHIRE,52.83375197825811,1,2.3,7,1
2012,NEW JERSEY,58.951965550585776,1,2.3,7,1
2012,NEW MEXICO,55.295204646908694,1,2.3,7,1
2012,NEW YORK,66.04269487027739,1,2.3,7,1
2012,NORTH CAROLINA,48.965965096995,1,2.3,7,1
2012,NORTH DAKOTA,39.888791711088274,1,2.3,7,0
2012,OHIO,51.51405676924949,1,2.3,7,1
2012,OKLAHOMA,33.22768025698344,1,2.3,7,0
2012,OREGON,56.27116717874738,1,2.3,7,1
2012,PENNSYLVANIA,52.73193400189183,1,2.3,7,1
2012,RHODE ISLAND,64.01674597888213,1,2.3,7,1
2012,SOUTH CAROLINA,44.69174529543463,1,2.3,7,0
2012,SOUTH DAKOTA,40.78150086180476,1,2.3,7,0
2012,TENNESSEE,39.64892847370595,1,2.3,7,0
2012,TEXAS,41.99210278489362,1,2.3,7,0
2012,UTAH,25.373811104852518,1,2.3,7,0
2012,VERMONT,68.24725882639062,1,2.3,7,1
2012,VIRGINIA,51.96737668876448,1,2.3,7,1
2012,WASHINGTON,57.62829827062185,1,2.3,7,1
2012,WEST VIRGINIA,36.32570236795726,1,2.3,7,0
2012,WISCONSIN,53.46342998287241,1,2.3,7,1
2012,WYOMING,28.839365988478573,1,2.3,7,0
2016,ALABAMA,35.625856406039254,0,1.8,10,0
2016,ALASKA,41.61434528893193,0,1.8,10,0
2016,ARIZONA,48.10913942186186,0,1.8,10,0
2016,ARIZONA,48.10913942186186,0,1.8,10,0
2016,ARIZONA,0.0017401320014418236,0,1.8,10,0
2016,ARIZONA,0.0017401320014418236,0,1.8,10,0
2016,ARKANSAS,35.714862310229535,0,1.8,10,0
2016,CALIFORNIA,66.12822054272988,0,1.8,10,1
2016,COLORADO,52.68333337268243,0,1.8,10,1
2016,CONNECTICUT,57.14154751726364,0,1.8,10,1
2016,DELAWARE,55.99862144368122,0,1.8,10,1
2016,DISTRICT OF COLUMBIA,95.69518834185408,0,1.8,10,1
2016,FLORIDA,49.38116452722452,0,1.8,10,1
2016,GEORGIA,47.338827400696786,0,1.8,10,0
2016,HAWAII,67.44133745053546,0,1.8,10,1
2016,IDAHO,31.689823319194417,0,1.8,10,0
2016,ILLINOIS,59.02005139071148,0,1.8,10,1
2016,INDIANA,39.88269047549193,0,1.8,10,0
2016,IOWA,44.93645215487965,0,1.8,10,1
2016,KANSAS,38.888529657393335,0,1.8,10,0
2016,KENTUCKY,34.32937098249014,0,1.8,10,0
2016,LOUISIANA,39.82832276219221,0,1.8,10,0
2016,MAINE,51.59679112916253,0,1.8,10,1
2016,MARYLAND,64.00802003788766,0,1.8,10,1
2016,MARYLAND,64.00802003788766,0,1.8,10,1
2016,MARYLAND,0.0029754706774994142,0,1.8,10,1
2016,MARYLAND,0.0029754706774994142,0,1.8,10,1
2016,MASSACHUSETTS,64.65127868962949,0,1.8,10,1
2016,MICHIGAN,49.88233178303845,0,1.8,10,1
2016,MINNESOTA,50.831693707180484,0,1.8,10,1
2016,MISSISSIPPI,40.91015267593994,0,1.8,10,0
2016,MISSOURI,40.18143900443393,0,1.8,10,0
2016,MONTANA,38.89033568297556,0,1.8,10,0
2016,NEBRASKA,36.45232588682243,0,1.8,10,0
2016,NEVADA,51.2937094199852,0,1.8,10,1
2016,NEW HAMPSHIRE,50.197028442380706,0,1.8,10,1
2016,NEW JERSEY,57.284190142901295,0,1.8,10,1
2016,NEW MEXICO,54.65079493432411,0,1.8,10,1
2016,NEW YORK,63.41150649977537,0,1.8,10,1
2016,NORTH CAROLINA,48.096254196281286,0,1.8,10,0
2016,NORTH DAKOTA,30.190757103480255,0,1.8,10,0
2016,OHIO,45.7323154228641,0,1.8,10,1
2016,OKLAHOMA,30.695262761671867,0,1.8,10,0
2016,OREGON,56.155838945054356,0,1.8,10,1
2016,PENNSYLVANIA,49.62446419250983,0,1.8,10,1
2016,RHODE ISLAND,58.31070409265981,0,1.8,10,1
2016,SOUTH CAROLINA,42.53974363947598,0,1.8,10,0
2016,SOUTH DAKOTA,34.02814192056875,0,1.8,10,0
2016,TENNESSEE,36.37565695473801,0,1.8,10,0
2016,TEXAS,45.28677442202801,0,1.8,10,0
2016,UTAH,37.617101654588716,0,1.8,10,0
2016,VERMONT,65.18642632382037,0,1.8,10,1
2016,VIRGINIA,52.8263762771547,0,1.8,10,1
2016,WASHINGTON,58.786931200064764,0,1.8,10,1
2016,WEST VIRGINIA,27.838947748704225,0,1.8,10,0
2016,WISCONSIN,49.59201096197029,0,1.8,10,1
2016,WYOMING,24.29468037084621,0,1.8,10,0
2020,ALABAMA,62.91137483335472,1,-2.2,-6,1
2020,ALASKA,55.26184872384931,1,-2.2,-6,1
2020,ARIZONA,49.84316832087069,1,-2.2,-6,1
2020,ARKANSAS,64.21243327798315,1,-2.2,-6,1
2020,CALIFORNIA,35.09108863933243,1,-2.2,-6,0
2020,COLORADO,43.06168050769985,1,-2.2,-6,0
2020,CONNECTICUT,39.804950911922155,1,-2.2,-6,0
2020,DELAWARE,40.37325583501553,1,-2.2,-6,0
2020,DISTRICT OF COLUMBIA,5.533046152380556,1,-2.2,-6,0
2020,FLORIDA,51.694754662141555,1,-2.2,-6,1
2020,GEORGIA,49.88067033709135,1,-2.2,-6,1
2020,HAWAII,34.96733535348512,1,-2.2,-6,0
2020,IDAHO,65.87714292507788,1,-2.2,-6,1
2020,ILLINOIS,41.34095626719308,1,-2.2,-6,0
2020,INDIANA,58.19504800744296,1,-2.2,-6,1
2020,IOWA,54.183263084637055,1,-2.2,-6,1
2020,KANSAS,57.49342825563135,1,-2.2,-6,1
2020,KENTUCKY,63.20010290026297,1,-2.2,-6,1
2020,LOUISIANA,59.46444045629105,1,-2.2,-6,1
2020,MAINE,45.329595417996025,1,-2.2,-6,0
2020,MARYLAND,32.97095295290766,1,-2.2,-6,0
2020,MASSACHUSETTS,32.88445045985185,1,-2.2,-6,0
2020,MICHIGAN,48.58644065559054,1,-2.2,-6,1
2020,MINNESOTA,46.36048635143333,1,-2.2,-6,0
2020,MISSISSIPPI,58.38498582738886,1,-2.2,-6,1
2020,MISSOURI,57.835820644401444,1,-2.2,-6,1
2020,MONTANA,58.3971800920481,1,-2.2,-6,1
2020,NEBRASKA,59.784052246601725,1,-2.2,-6,1
2020,NEVADA,48.77688265995619,1,-2.2,-6,0
2020,NEW HAMPSHIRE,46.25165227840496,1,-2.2,-6,0
2020,NEW JERSEY,41.92871641320516,1,-2.2,-6,0
2020,NEW MEXICO,44.48150984828026,1,-2.2,-6,0
2020,NEW YORK,38.28316510698775,1,-2.2,-6,0
2020,NORTH CAROLINA,50.68418253318672,1,-2.2,-6,1
2020,NORTH DAKOTA,67.21740842289663,1,-2.2,-6,1
2020,OHIO,54.076697647702716,1,-2.2,-6,1
2020,OKLAHOMA,66.94003949690651,1,-2.2,-6,1
2020,OREGON,41.69284301455827,1,-2.2,-6,0
2020,PENNSYLVANIA,49.41079474065094,1,-2.2,-6,1
2020,RHODE ISLAND,39.40064011604074,1,-2.2,-6,0
2020,SOUTH CAROLINA,55.926608749582094,1,-2.2,-6,1
2020,SOUTH DAKOTA,63.4347798616815,1,-2.2,-6,1
2020,TENNESSEE,61.827770372066354,1,-2.2,-6,1
2020,TEXAS,52.83072123677953,1,-2.2,-6,1
2020,UTAH,60.69360512185163,1,-2.2,-6,1
2020,VERMONT,31.70081344719344,1,-2.2,-6,0
2020,VIRGINIA,44.84531300060009,1,-2.2,-6,0
2020,WASHINGTON,40.07449681520931,1,-2.2,-6,0
2020,WEST VIRGINIA,69.79853231392202,1,-2.2,-6,1
2020,WISCONSIN,49.680936733466005,1,-2.2,-6,1
2020,WYOMING,72.48043437558509,1,-2.2,-6,1
